<?xml version="1.0" encoding="UTF-8"?>
<document xmlns="http://maven.apache.org/XDOC/2.0"
  xmlns:xsi="http://www.w3.org/2001/XMLSchema-instance"
  xsi:schemaLocation="http://maven.apache.org/XDOC/2.0 http://maven.apache.org/xsd/xdoc-2.0.xsd">
  <properties>
    <title>Random Password Generator Applet</title>
    <author>Stephen Ostermiller</author>
  </properties>
  <head>
    <meta name="description" content="Generate secure random passwords directly in your web browser using this Java applet." />
  </head>
  <body>
    <section name="Random Password Generator Applet">

    <applet
      classid="clsid:CAFEEFAC-0015-0000-0000-ABCDEFFEDCBA"
      archive="randpass.jar"
      code="com/Ostermiller/util/RandPassApplet.class"
      width="200"
      height="340"></applet>
      <ul>
        <li>
          You must have <a href="http://www.java.com/en/">Java 1.5 or later</a> installed,
          configured, and enabled to use the password generator in your web
          browser.
        </li>
        <li>
          The password length, and characters that can appear in the password
          can be set in Edit -&gt; Preferences.
        </li>
        <li>
          Preferences are not remembered between visits and page reloads.
        </li>
        <li>
          This applet is part of the <a href="./">
          com.Ostermiller.util Java Utilities</a>
        </li>
        <li>
          <a href="./RandPass.html">A command line
          and a Java library</a> version of this program is also available.
        </li>
        <li>
          The <a href="./download.html">source code
          for this applet</a> is available.
        </li>
      </ul>
    </section>
  </body>
</document>
