
<?xml version="1.0" encoding="UTF-8"?>
<document xmlns="http://maven.apache.org/XDOC/2.0"
  xmlns:xsi="http://www.w3.org/2001/XMLSchema-instance"
  xsi:schemaLocation="http://maven.apache.org/XDOC/2.0 http://maven.apache.org/xsd/xdoc-2.0.xsd">
  <properties>
    <title>Browser OstermillerUtils JavaDoc</title>
    <author>Stephen Ostermiller</author>
  </properties>
  <head>
    <meta name="description" content="View JavaDoc for Browser from the com.Ostermiller.util package." />
  </head>
  <body>
    <section name="Browser OstermillerUtils JavaDoc">
      <ul>
        <li><a href="../Browser.html">Browser Documentation and Examples</a></li>
        <li><a href="../src/Browser.java.html">Browser.java Source Code</a></li>
      </ul>
      <iframe src="../doc/com/Ostermiller/util/Browser.html" width="100%" height="100%"></iframe>
    </section>
  </body>
</document>
